{"cameraMode":{"drawMode":0,"name":"Shaded","section":"Shading Mode"},"sceneLighting":false,"audioPlay":false,"sceneViewState":{"m_AlwaysRefresh":false,"showFog":true,"showSkybox":false,"showFlares":true,"showImageEffects":true,"showParticleSystems":true,"showVisualEffectGraphs":true,"m_FxEnabled":true},"in2DMode":false,"pivot":{"x":0.0804266482591629,"y":-0.08484949171543122,"z":-0.18814250826835633},"rotation":{"x":0.521716296672821,"y":-0.46897053718566897,"z":0.43084561824798586,"w":0.5677643418312073},"size":0.29438409209251406,"orthographic":false}